task_id,method,input_tokens,output_tokens,total_tokens,batch_index,num_samples
1,self_consistency_cot,1785,1716,3501,0,3
2,self_consistency_cot,1257,1147,2404,0,3
3,self_consistency_cot,1314,1174,2488,0,3
4,self_consistency_cot,1275,2166,3441,0,3
5,self_consistency_cot,1539,882,2421,0,3
6,self_consistency_cot,1350,1227,2577,0,3
7,self_consistency_cot,1245,1174,2419,0,3
8,self_consistency_cot,1245,1142,2387,0,3
9,self_consistency_cot,1350,942,2292,0,3
10,self_consistency_cot,1248,1579,2827,0,3
11,self_consistency_cot,1479,816,2295,1,3
12,self_consistency_cot,1206,1383,2589,1,3
13,self_consistency_cot,1275,1158,2433,1,3
14,self_consistency_cot,1218,1401,2619,1,3
15,self_consistency_cot,1236,1240,2476,1,3
16,self_consistency_cot,1347,1030,2377,1,3
17,self_consistency_cot,1200,626,1826,1,3
18,self_consistency_cot,1995,825,2820,1,3
19,self_consistency_cot,1257,1331,2588,1,3
20,self_consistency_cot,1425,1085,2510,1,3
21,self_consistency_cot,1290,1004,2294,2,3
22,self_consistency_cot,1404,1438,2842,2,3
23,self_consistency_cot,1344,1307,2651,2,3
24,self_consistency_cot,1410,1182,2592,2,3
25,self_consistency_cot,1347,1339,2686,2,3
26,self_consistency_cot,1305,856,2161,2,3
27,self_consistency_cot,1254,864,2118,2,3
28,self_consistency_cot,1353,1164,2517,2,3
29,self_consistency_cot,1446,1232,2678,2,3
30,self_consistency_cot,1542,827,2369,2,3
31,self_consistency_cot,1686,1243,2929,3,3
32,self_consistency_cot,1518,1185,2703,3,3
33,self_consistency_cot,1401,1037,2438,3,3
34,self_consistency_cot,1533,1482,3015,3,3
35,self_consistency_cot,1206,1585,2791,3,3
36,self_consistency_cot,1353,1268,2621,3,3
37,self_consistency_cot,1350,1978,3328,3,3
38,self_consistency_cot,1359,1426,2785,3,3
39,self_consistency_cot,1827,805,2632,3,3
40,self_consistency_cot,1254,1399,2653,3,3
41,self_consistency_cot,1266,1467,2733,4,3
42,self_consistency_cot,1230,1203,2433,4,3
43,self_consistency_cot,1314,856,2170,4,3
44,self_consistency_cot,1302,1207,2509,4,3
45,self_consistency_cot,1455,1007,2462,4,3
46,self_consistency_cot,1239,1406,2645,4,3
47,self_consistency_cot,1446,935,2381,4,3
48,self_consistency_cot,1386,1044,2430,4,3
49,self_consistency_cot,1224,1509,2733,4,3
50,self_consistency_cot,1341,1112,2453,4,3
51,self_consistency_cot,1242,1056,2298,5,3
52,self_consistency_cot,1224,1798,3022,5,3
53,self_consistency_cot,1257,659,1916,5,3
54,self_consistency_cot,1569,1332,2901,5,3
55,self_consistency_cot,1260,1220,2480,5,3
56,self_consistency_cot,1383,1679,3062,5,3
57,self_consistency_cot,1344,1537,2881,5,3
58,self_consistency_cot,1212,1214,2426,5,3
59,self_consistency_cot,1209,958,2167,5,3
60,self_consistency_cot,1596,1213,2809,5,3
61,self_consistency_cot,1455,1174,2629,6,3
62,self_consistency_cot,1179,937,2116,6,3
63,self_consistency_cot,1266,1069,2335,6,3
64,self_consistency_cot,1329,1273,2602,6,3
65,self_consistency_cot,1347,1871,3218,6,3
66,self_consistency_cot,1275,1046,2321,6,3
67,self_consistency_cot,1527,1691,3218,6,3
68,self_consistency_cot,1362,1075,2437,6,3
69,self_consistency_cot,1593,1640,3233,6,3
70,self_consistency_cot,1437,1139,2576,6,3
71,self_consistency_cot,1584,1429,3013,7,3
72,self_consistency_cot,1224,958,2182,7,3
73,self_consistency_cot,1221,1099,2320,7,3
74,self_consistency_cot,1773,1018,2791,7,3
75,self_consistency_cot,1281,1286,2567,7,3
76,self_consistency_cot,1371,1246,2617,7,3
77,self_consistency_cot,1200,1777,2977,7,3
78,self_consistency_cot,1413,1157,2570,7,3
79,self_consistency_cot,1293,948,2241,7,3
80,self_consistency_cot,1233,1106,2339,7,3
81,self_consistency_cot,1338,1335,2673,8,3
82,self_consistency_cot,1230,1632,2862,8,3
83,self_consistency_cot,1443,848,2291,8,3
84,self_consistency_cot,1275,1213,2488,8,3
85,self_consistency_cot,1233,762,1995,8,3
86,self_consistency_cot,1236,1000,2236,8,3
87,self_consistency_cot,1305,1479,2784,8,3
88,self_consistency_cot,1227,1262,2489,8,3
89,self_consistency_cot,1185,568,1753,8,3
90,self_consistency_cot,1281,1232,2513,8,3
91,self_consistency_cot,1245,1045,2290,9,3
92,self_consistency_cot,1329,1017,2346,9,3
93,self_consistency_cot,1296,973,2269,9,3
94,self_consistency_cot,1263,808,2071,9,3
95,self_consistency_cot,1242,999,2241,9,3
96,self_consistency_cot,1251,858,2109,9,3
97,self_consistency_cot,1422,1261,2683,9,3
98,self_consistency_cot,1245,1199,2444,9,3
99,self_consistency_cot,1218,1130,2348,9,3
100,self_consistency_cot,1350,1475,2825,9,3
101,self_consistency_cot,1395,1436,2831,10,3
102,self_consistency_cot,1263,1294,2557,10,3
103,self_consistency_cot,1425,1124,2549,10,3
104,self_consistency_cot,1269,1428,2697,10,3
105,self_consistency_cot,1170,1238,2408,10,3
106,self_consistency_cot,1251,1126,2377,10,3
107,self_consistency_cot,1545,1172,2717,10,3
108,self_consistency_cot,1380,2095,3475,10,3
109,self_consistency_cot,1308,1827,3135,10,3
110,self_consistency_cot,1455,1628,3083,10,3
111,self_consistency_cot,1266,1305,2571,11,3
112,self_consistency_cot,1188,955,2143,11,3
113,self_consistency_cot,1521,1067,2588,11,3
114,self_consistency_cot,1281,1313,2594,11,3
115,self_consistency_cot,1227,949,2176,11,3
116,self_consistency_cot,1245,1239,2484,11,3
117,self_consistency_cot,1425,1442,2867,11,3
118,self_consistency_cot,1233,1063,2296,11,3
119,self_consistency_cot,1254,1120,2374,11,3
120,self_consistency_cot,1272,926,2198,11,3
121,self_consistency_cot,1455,1566,3021,12,3
122,self_consistency_cot,1587,1269,2856,12,3
123,self_consistency_cot,1710,898,2608,12,3
124,self_consistency_cot,1263,1258,2521,12,3
125,self_consistency_cot,1452,1765,3217,12,3
126,self_consistency_cot,1308,966,2274,12,3
127,self_consistency_cot,1368,1009,2377,12,3
128,self_consistency_cot,1317,880,2197,12,3
129,self_consistency_cot,1740,1546,3286,12,3
130,self_consistency_cot,1344,843,2187,12,3
131,self_consistency_cot,1473,620,2093,13,3
132,self_consistency_cot,1215,764,1979,13,3
133,self_consistency_cot,1305,1997,3302,13,3
134,self_consistency_cot,1413,1320,2733,13,3
135,self_consistency_cot,1200,957,2157,13,3
136,self_consistency_cot,1704,1146,2850,13,3
137,self_consistency_cot,1356,1154,2510,13,3
138,self_consistency_cot,1326,1469,2795,13,3
139,self_consistency_cot,1236,793,2029,13,3
140,self_consistency_cot,1350,1739,3089,13,3
141,self_consistency_cot,1491,1087,2578,14,3
142,self_consistency_cot,1293,1331,2624,14,3
143,self_consistency_cot,1242,981,2223,14,3
144,self_consistency_cot,1326,1273,2599,14,3
145,self_consistency_cot,1407,1115,2522,14,3
146,self_consistency_cot,1251,919,2170,14,3
147,self_consistency_cot,1515,1271,2786,14,3
148,self_consistency_cot,1587,878,2465,14,3
149,self_consistency_cot,1596,1135,2731,14,3
150,self_consistency_cot,1338,1216,2554,14,3
151,self_consistency_cot,1314,855,2169,15,3
152,self_consistency_cot,1728,1333,3061,15,3
153,self_consistency_cot,1296,891,2187,15,3
154,self_consistency_cot,1230,1102,2332,15,3
155,self_consistency_cot,1431,1224,2655,15,3
156,self_consistency_cot,1275,3072,4347,15,3
157,self_consistency_cot,1257,1326,2583,15,3
158,self_consistency_cot,1416,1167,2583,15,3
159,self_consistency_cot,1815,1838,3653,15,3
160,self_consistency_cot,1401,1088,2489,15,3
161,self_consistency_cot,1242,1512,2754,16,3
162,self_consistency_cot,1257,873,2130,16,3
163,self_consistency_cot,1269,1248,2517,16,3
164,self_consistency_cot,1476,1038,2514,16,3
165,self_consistency_cot,1407,1035,2442,16,3
166,self_consistency_cot,1389,1571,2960,16,3
167,self_consistency_cot,1389,1256,2645,16,3
168,self_consistency_cot,1245,981,2226,16,3
169,self_consistency_cot,1365,843,2208,16,3
170,self_consistency_cot,1350,1258,2608,16,3
171,self_consistency_cot,1218,1545,2763,17,3
172,self_consistency_cot,1356,1107,2463,17,3
173,self_consistency_cot,1248,909,2157,17,3
174,self_consistency_cot,1272,1127,2399,17,3
175,self_consistency_cot,1464,1077,2541,17,3
176,self_consistency_cot,1215,1171,2386,17,3
177,self_consistency_cot,1251,928,2179,17,3
178,self_consistency_cot,1308,978,2286,17,3
179,self_consistency_cot,1665,1471,3136,17,3
180,self_consistency_cot,1389,1825,3214,17,3
181,self_consistency_cot,1650,1077,2727,18,3
182,self_consistency_cot,1467,1690,3157,18,3
183,self_consistency_cot,1377,1322,2699,18,3
184,self_consistency_cot,1245,1188,2433,18,3
185,self_consistency_cot,1308,1009,2317,18,3
186,self_consistency_cot,1308,892,2200,18,3
187,self_consistency_cot,1536,1190,2726,18,3
188,self_consistency_cot,1365,1100,2465,18,3
189,self_consistency_cot,1635,1826,3461,18,3
190,self_consistency_cot,1305,1132,2437,18,3
191,self_consistency_cot,1317,1105,2422,19,3
192,self_consistency_cot,1362,939,2301,19,3
193,self_consistency_cot,1224,1205,2429,19,3
194,self_consistency_cot,1479,1310,2789,19,3
195,self_consistency_cot,1458,1688,3146,19,3
196,self_consistency_cot,1263,1521,2784,19,3
197,self_consistency_cot,1314,1004,2318,19,3
198,self_consistency_cot,1341,1179,2520,19,3
199,self_consistency_cot,1377,1032,2409,19,3
200,self_consistency_cot,1293,1214,2507,19,3
201,self_consistency_cot,1203,1057,2260,20,3
202,self_consistency_cot,1329,953,2282,20,3
203,self_consistency_cot,1338,1026,2364,20,3
204,self_consistency_cot,1290,748,2038,20,3
205,self_consistency_cot,1254,779,2033,20,3
206,self_consistency_cot,1278,1183,2461,20,3
207,self_consistency_cot,1677,892,2569,20,3
208,self_consistency_cot,1326,2073,3399,20,3
209,self_consistency_cot,1269,1568,2837,20,3
210,self_consistency_cot,1338,1828,3166,20,3
211,self_consistency_cot,1266,760,2026,21,3
212,self_consistency_cot,1320,959,2279,21,3
213,self_consistency_cot,1305,1133,2438,21,3
214,self_consistency_cot,1236,929,2165,21,3
215,self_consistency_cot,1374,875,2249,21,3
216,self_consistency_cot,1353,1381,2734,21,3
217,self_consistency_cot,1320,787,2107,21,3
218,self_consistency_cot,1305,1047,2352,21,3
219,self_consistency_cot,1422,1434,2856,21,3
220,self_consistency_cot,1254,1035,2289,21,3
221,self_consistency_cot,1257,969,2226,22,3
222,self_consistency_cot,1305,845,2150,22,3
223,self_consistency_cot,1731,1374,3105,22,3
224,self_consistency_cot,1281,1000,2281,22,3
225,self_consistency_cot,1449,1483,2932,22,3
226,self_consistency_cot,1308,1089,2397,22,3
227,self_consistency_cot,1368,751,2119,22,3
228,self_consistency_cot,1440,1634,3074,22,3
229,self_consistency_cot,1398,1337,2735,22,3
230,self_consistency_cot,1221,764,1985,22,3
231,self_consistency_cot,1878,1172,3050,23,3
232,self_consistency_cot,1245,1662,2907,23,3
233,self_consistency_cot,1257,1293,2550,23,3
234,self_consistency_cot,1203,661,1864,23,3
235,self_consistency_cot,1407,1248,2655,23,3
236,self_consistency_cot,1503,1118,2621,23,3
237,self_consistency_cot,1296,1260,2556,23,3
238,self_consistency_cot,1284,909,2193,23,3
239,self_consistency_cot,1659,1273,2932,23,3
240,self_consistency_cot,1239,1673,2912,23,3
241,self_consistency_cot,1293,1149,2442,24,3
242,self_consistency_cot,1245,930,2175,24,3
243,self_consistency_cot,1395,923,2318,24,3
244,self_consistency_cot,1275,941,2216,24,3
245,self_consistency_cot,1854,846,2700,24,3
246,self_consistency_cot,1416,1229,2645,24,3
247,self_consistency_cot,1737,930,2667,24,3
248,self_consistency_cot,1269,763,2032,24,3
249,self_consistency_cot,1278,1175,2453,24,3
250,self_consistency_cot,1278,1625,2903,24,3
251,self_consistency_cot,1236,1276,2512,25,3
252,self_consistency_cot,1218,1648,2866,25,3
253,self_consistency_cot,1284,1077,2361,25,3
254,self_consistency_cot,1227,1115,2342,25,3
255,self_consistency_cot,1251,1294,2545,25,3
256,self_consistency_cot,1407,987,2394,25,3
257,self_consistency_cot,1227,1047,2274,25,3
258,self_consistency_cot,1278,1469,2747,25,3
259,self_consistency_cot,1350,1537,2887,25,3
260,self_consistency_cot,1308,924,2232,25,3
261,self_consistency_cot,1296,924,2220,26,3
262,self_consistency_cot,1230,1394,2624,26,3
263,self_consistency_cot,1233,1363,2596,26,3
264,self_consistency_cot,1365,785,2150,26,3
265,self_consistency_cot,1221,1507,2728,26,3
266,self_consistency_cot,1227,884,2111,26,3
267,self_consistency_cot,1218,944,2162,26,3
268,self_consistency_cot,1236,805,2041,26,3
269,self_consistency_cot,1200,716,1916,26,3
270,self_consistency_cot,1395,2469,3864,26,3
271,self_consistency_cot,1350,868,2218,27,3
272,self_consistency_cot,1236,1237,2473,27,3
273,self_consistency_cot,1296,1184,2480,27,3
274,self_consistency_cot,1269,995,2264,27,3
275,self_consistency_cot,1497,1332,2829,27,3
276,self_consistency_cot,1230,981,2211,27,3
277,self_consistency_cot,1248,1040,2288,27,3
278,self_consistency_cot,1281,934,2215,27,3
279,self_consistency_cot,1233,1018,2251,27,3
280,self_consistency_cot,1350,942,2292,27,3
281,self_consistency_cot,1248,1340,2588,28,3
282,self_consistency_cot,1272,1040,2312,28,3
283,self_consistency_cot,1389,1499,2888,28,3
284,self_consistency_cot,1236,895,2131,28,3
285,self_consistency_cot,1338,1187,2525,28,3
286,self_consistency_cot,1596,1273,2869,28,3
287,self_consistency_cot,1233,839,2072,28,3
288,self_consistency_cot,1335,1269,2604,28,3
289,self_consistency_cot,1515,1253,2768,28,3
290,self_consistency_cot,1314,1219,2533,28,3
291,self_consistency_cot,1536,1063,2599,29,3
292,self_consistency_cot,1197,1085,2282,29,3
293,self_consistency_cot,1257,1899,3156,29,3
294,self_consistency_cot,1257,1284,2541,29,3
295,self_consistency_cot,1296,983,2279,29,3
296,self_consistency_cot,1374,1199,2573,29,3
297,self_consistency_cot,1515,1308,2823,29,3
298,self_consistency_cot,1272,1479,2751,29,3
299,self_consistency_cot,1320,1131,2451,29,3
300,self_consistency_cot,1359,711,2070,29,3
301,self_consistency_cot,1281,1021,2302,30,3
302,self_consistency_cot,1419,1336,2755,30,3
303,self_consistency_cot,1347,1932,3279,30,3
304,self_consistency_cot,1467,1650,3117,30,3
305,self_consistency_cot,1305,1023,2328,30,3
306,self_consistency_cot,1890,1258,3148,30,3
307,self_consistency_cot,1305,1848,3153,30,3
308,self_consistency_cot,1287,1515,2802,30,3
309,self_consistency_cot,1221,1644,2865,30,3
310,self_consistency_cot,1257,1277,2534,30,3
311,self_consistency_cot,1464,1000,2464,31,3
312,self_consistency_cot,1254,1335,2589,31,3
313,self_consistency_cot,1233,1206,2439,31,3
314,self_consistency_cot,1506,1567,3073,31,3
315,self_consistency_cot,1791,908,2699,31,3
316,self_consistency_cot,1485,1781,3266,31,3
317,self_consistency_cot,1371,1013,2384,31,3
318,self_consistency_cot,1389,1101,2490,31,3
319,self_consistency_cot,1254,916,2170,31,3
320,self_consistency_cot,1365,582,1947,31,3
321,self_consistency_cot,1374,1525,2899,32,3
322,self_consistency_cot,1293,1090,2383,32,3
323,self_consistency_cot,2010,1264,3274,32,3
324,self_consistency_cot,1380,1352,2732,32,3
325,self_consistency_cot,1440,1626,3066,32,3
326,self_consistency_cot,1383,951,2334,32,3
327,self_consistency_cot,1275,902,2177,32,3
328,self_consistency_cot,1239,1497,2736,32,3
329,self_consistency_cot,1281,1005,2286,32,3
330,self_consistency_cot,1242,1256,2498,32,3
331,self_consistency_cot,1350,1729,3079,33,3
332,self_consistency_cot,1329,1234,2563,33,3
333,self_consistency_cot,1227,1108,2335,33,3
334,self_consistency_cot,1311,1247,2558,33,3
335,self_consistency_cot,1260,1289,2549,33,3
336,self_consistency_cot,1245,818,2063,33,3
337,self_consistency_cot,1314,934,2248,33,3
338,self_consistency_cot,1545,1257,2802,33,3
339,self_consistency_cot,1239,1483,2722,33,3
340,self_consistency_cot,1278,1491,2769,33,3
341,self_consistency_cot,1230,1409,2639,34,3
342,self_consistency_cot,2001,1247,3248,34,3
343,self_consistency_cot,1332,1279,2611,34,3
344,self_consistency_cot,1269,1345,2614,34,3
345,self_consistency_cot,1290,1272,2562,34,3
346,self_consistency_cot,1323,984,2307,34,3
347,self_consistency_cot,1338,1174,2512,34,3
348,self_consistency_cot,1503,1130,2633,34,3
349,self_consistency_cot,1323,1278,2601,34,3
350,self_consistency_cot,1455,949,2404,34,3
351,self_consistency_cot,1545,1473,3018,35,3
352,self_consistency_cot,1317,1673,2990,35,3
353,self_consistency_cot,1239,1478,2717,35,3
354,self_consistency_cot,1245,1078,2323,35,3
355,self_consistency_cot,1467,993,2460,35,3
356,self_consistency_cot,1218,1099,2317,35,3
357,self_consistency_cot,1251,1217,2468,35,3
358,self_consistency_cot,1281,1765,3046,35,3
359,self_consistency_cot,1287,691,1978,35,3
360,self_consistency_cot,1233,1075,2308,35,3
361,self_consistency_cot,1233,1311,2544,36,3
362,self_consistency_cot,1374,1055,2429,36,3
363,self_consistency_cot,1278,1456,2734,36,3
364,self_consistency_cot,1647,1217,2864,36,3
365,self_consistency_cot,1260,787,2047,36,3
366,self_consistency_cot,1275,1071,2346,36,3
367,self_consistency_cot,1692,1420,3112,36,3
368,self_consistency_cot,1242,987,2229,36,3
369,self_consistency_cot,1251,1452,2703,36,3
370,self_consistency_cot,1257,1460,2717,36,3
371,self_consistency_cot,1449,1933,3382,37,3
372,self_consistency_cot,1326,1386,2712,37,3
373,self_consistency_cot,1224,1245,2469,37,3
374,self_consistency_cot,1575,1142,2717,37,3
375,self_consistency_cot,1272,1156,2428,37,3
376,self_consistency_cot,1311,1012,2323,37,3
377,self_consistency_cot,1353,951,2304,37,3
378,self_consistency_cot,1251,1147,2398,37,3
379,self_consistency_cot,1263,1395,2658,37,3
380,self_consistency_cot,1365,1320,2685,37,3
381,self_consistency_cot,1305,1545,2850,38,3
382,self_consistency_cot,1659,1280,2939,38,3
383,self_consistency_cot,1431,762,2193,38,3
384,self_consistency_cot,1428,1151,2579,38,3
385,self_consistency_cot,1374,1182,2556,38,3
386,self_consistency_cot,1548,1147,2695,38,3
387,self_consistency_cot,1569,1709,3278,38,3
388,self_consistency_cot,1377,1212,2589,38,3
389,self_consistency_cot,1329,1278,2607,38,3
390,self_consistency_cot,1236,1251,2487,38,3
391,self_consistency_cot,1311,1488,2799,39,3
392,self_consistency_cot,1497,1687,3184,39,3
393,self_consistency_cot,1350,1208,2558,39,3
394,self_consistency_cot,1317,1220,2537,39,3
395,self_consistency_cot,1491,861,2352,39,3
396,self_consistency_cot,1323,1222,2545,39,3
397,self_consistency_cot,1410,1192,2602,39,3
398,self_consistency_cot,1266,1341,2607,39,3
399,self_consistency_cot,1314,1374,2688,39,3
400,self_consistency_cot,1257,1555,2812,39,3
401,self_consistency_cot,1368,2007,3375,40,3
402,self_consistency_cot,1461,1102,2563,40,3
403,self_consistency_cot,1599,2288,3887,40,3
404,self_consistency_cot,1221,821,2042,40,3
405,self_consistency_cot,1251,766,2017,40,3
406,self_consistency_cot,1455,1340,2795,40,3
407,self_consistency_cot,1518,1019,2537,40,3
408,self_consistency_cot,1701,1472,3173,40,3
409,self_consistency_cot,1272,1076,2348,40,3
410,self_consistency_cot,1248,1155,2403,40,3
411,self_consistency_cot,1260,1252,2512,41,3
412,self_consistency_cot,1254,1380,2634,41,3
413,self_consistency_cot,1248,1245,2493,41,3
414,self_consistency_cot,1425,1172,2597,41,3
415,self_consistency_cot,1521,1148,2669,41,3
416,self_consistency_cot,1458,1178,2636,41,3
417,self_consistency_cot,1383,1298,2681,41,3
418,self_consistency_cot,1227,1043,2270,41,3
419,self_consistency_cot,1308,1509,2817,41,3
420,self_consistency_cot,1302,779,2081,41,3
421,self_consistency_cot,1329,1370,2699,42,3
422,self_consistency_cot,1332,1066,2398,42,3
423,self_consistency_cot,1962,1582,3544,42,3
424,self_consistency_cot,1257,1036,2293,42,3
425,self_consistency_cot,1344,824,2168,42,3
426,self_consistency_cot,1263,1106,2369,42,3
427,self_consistency_cot,1302,1099,2401,42,3
428,self_consistency_cot,1533,1298,2831,42,3
429,self_consistency_cot,1305,1193,2498,42,3
430,self_consistency_cot,1287,999,2286,42,3
431,self_consistency_cot,1287,1050,2337,43,3
432,self_consistency_cot,1263,1113,2376,43,3
433,self_consistency_cot,1326,1200,2526,43,3
434,self_consistency_cot,1311,1044,2355,43,3
435,self_consistency_cot,1197,970,2167,43,3
436,self_consistency_cot,1233,1021,2254,43,3
437,self_consistency_cot,1329,962,2291,43,3
438,self_consistency_cot,1461,1000,2461,43,3
439,self_consistency_cot,1239,1275,2514,43,3
440,self_consistency_cot,1305,1008,2313,43,3
441,self_consistency_cot,1221,896,2117,44,3
442,self_consistency_cot,1356,1378,2734,44,3
443,self_consistency_cot,1281,1894,3175,44,3
444,self_consistency_cot,1320,1277,2597,44,3
445,self_consistency_cot,1350,1541,2891,44,3
446,self_consistency_cot,1308,1221,2529,44,3
447,self_consistency_cot,1257,917,2174,44,3
448,self_consistency_cot,1518,821,2339,44,3
449,self_consistency_cot,1395,990,2385,44,3
450,self_consistency_cot,1239,1101,2340,44,3
451,self_consistency_cot,1245,1136,2381,45,3
452,self_consistency_cot,1290,900,2190,45,3
453,self_consistency_cot,1752,968,2720,45,3
454,self_consistency_cot,1329,1088,2417,45,3
455,self_consistency_cot,1386,1113,2499,45,3
456,self_consistency_cot,1245,1020,2265,45,3
457,self_consistency_cot,1227,967,2194,45,3
458,self_consistency_cot,1203,1103,2306,45,3
459,self_consistency_cot,1290,878,2168,45,3
460,self_consistency_cot,1188,863,2051,45,3
461,self_consistency_cot,1317,965,2282,46,3
462,self_consistency_cot,1341,967,2308,46,3
463,self_consistency_cot,1950,1812,3762,46,3
464,self_consistency_cot,1233,1171,2404,46,3
465,self_consistency_cot,1263,1254,2517,46,3
466,self_consistency_cot,1707,1168,2875,46,3
467,self_consistency_cot,1461,829,2290,46,3
468,self_consistency_cot,1533,1122,2655,46,3
469,self_consistency_cot,1755,1381,3136,46,3
470,self_consistency_cot,1278,1257,2535,46,3
471,self_consistency_cot,1299,1885,3184,47,3
472,self_consistency_cot,1251,1773,3024,47,3
473,self_consistency_cot,1317,1950,3267,47,3
474,self_consistency_cot,1236,1041,2277,47,3
475,self_consistency_cot,1254,1006,2260,47,3
476,self_consistency_cot,1221,924,2145,47,3
477,self_consistency_cot,1188,1173,2361,47,3
478,self_consistency_cot,1293,901,2194,47,3
479,self_consistency_cot,1254,1688,2942,47,3
480,self_consistency_cot,1494,810,2304,47,3
481,self_consistency_cot,1470,1157,2627,48,3
482,self_consistency_cot,1299,971,2270,48,3
483,self_consistency_cot,1383,767,2150,48,3
484,self_consistency_cot,1290,1432,2722,48,3
485,self_consistency_cot,1692,1055,2747,48,3
486,self_consistency_cot,1488,1418,2906,48,3
487,self_consistency_cot,1464,1007,2471,48,3
488,self_consistency_cot,1287,889,2176,48,3
489,self_consistency_cot,1428,1219,2647,48,3
490,self_consistency_cot,1323,1305,2628,48,3
491,self_consistency_cot,1266,1005,2271,49,3
492,self_consistency_cot,1485,1487,2972,49,3
493,self_consistency_cot,2535,1700,4235,49,3
494,self_consistency_cot,1281,959,2240,49,3
495,self_consistency_cot,1308,656,1964,49,3
496,self_consistency_cot,1299,1521,2820,49,3
497,self_consistency_cot,1293,1351,2644,49,3
498,self_consistency_cot,1380,1095,2475,49,3
499,self_consistency_cot,1197,694,1891,49,3
500,self_consistency_cot,1257,935,2192,49,3
501,self_consistency_cot,1629,1328,2957,50,3
502,self_consistency_cot,1191,941,2132,50,3
503,self_consistency_cot,1308,1159,2467,50,3
504,self_consistency_cot,1290,886,2176,50,3
505,self_consistency_cot,1344,1310,2654,50,3
506,self_consistency_cot,1644,1192,2836,50,3
507,self_consistency_cot,1272,877,2149,50,3
508,self_consistency_cot,1365,1252,2617,50,3
509,self_consistency_cot,1392,753,2145,50,3
510,self_consistency_cot,1650,1481,3131,50,3
511,self_consistency_cot,1374,1156,2530,51,3
512,self_consistency_cot,1479,972,2451,51,3
513,self_consistency_cot,1254,1215,2469,51,3
514,self_consistency_cot,1224,1154,2378,51,3
515,self_consistency_cot,1683,1177,2860,51,3
516,self_consistency_cot,1596,1483,3079,51,3
517,self_consistency_cot,1281,1058,2339,51,3
518,self_consistency_cot,1236,853,2089,51,3
519,self_consistency_cot,1278,939,2217,51,3
520,self_consistency_cot,1770,1143,2913,51,3
521,self_consistency_cot,1275,1130,2405,52,3
522,self_consistency_cot,1851,1208,3059,52,3
523,self_consistency_cot,1665,1382,3047,52,3
524,self_consistency_cot,1671,1376,3047,52,3
525,self_consistency_cot,1248,1012,2260,52,3
526,self_consistency_cot,1368,1012,2380,52,3
527,self_consistency_cot,1365,1944,3309,52,3
528,self_consistency_cot,1314,1163,2477,52,3
529,self_consistency_cot,1428,886,2314,52,3
530,self_consistency_cot,1356,1330,2686,52,3
531,self_consistency_cot,1512,1359,2871,53,3
532,self_consistency_cot,1515,972,2487,53,3
533,self_consistency_cot,1302,1120,2422,53,3
534,self_consistency_cot,1275,1100,2375,53,3
535,self_consistency_cot,1254,815,2069,53,3
536,self_consistency_cot,1200,1447,2647,53,3
537,self_consistency_cot,1323,802,2125,53,3
538,self_consistency_cot,1275,1695,2970,53,3
539,self_consistency_cot,1281,1502,2783,53,3
540,self_consistency_cot,1524,1274,2798,53,3
541,self_consistency_cot,1587,959,2546,54,3
542,self_consistency_cot,1218,790,2008,54,3
543,self_consistency_cot,1311,990,2301,54,3
544,self_consistency_cot,1248,1053,2301,54,3
545,self_consistency_cot,1593,1155,2748,54,3
546,self_consistency_cot,1365,989,2354,54,3
547,self_consistency_cot,1335,1203,2538,54,3
548,self_consistency_cot,1617,1130,2747,54,3
549,self_consistency_cot,1371,1693,3064,54,3
550,self_consistency_cot,1665,1031,2696,54,3
551,self_consistency_cot,1236,1673,2909,55,3
552,self_consistency_cot,1398,907,2305,55,3
553,self_consistency_cot,1269,1362,2631,55,3
554,self_consistency_cot,1287,1274,2561,55,3
555,self_consistency_cot,1248,612,1860,55,3
556,self_consistency_cot,1398,1230,2628,55,3
557,self_consistency_cot,1203,947,2150,55,3
558,self_consistency_cot,1260,1087,2347,55,3
559,self_consistency_cot,1530,1588,3118,55,3
560,self_consistency_cot,1260,1326,2586,55,3
561,self_consistency_cot,1314,1358,2672,56,3
562,self_consistency_cot,1248,982,2230,56,3
563,self_consistency_cot,1224,1055,2279,56,3
564,self_consistency_cot,1353,817,2170,56,3
565,self_consistency_cot,1179,973,2152,56,3
566,self_consistency_cot,1278,885,2163,56,3
567,self_consistency_cot,1281,1365,2646,56,3
568,self_consistency_cot,1221,723,1944,56,3
569,self_consistency_cot,1230,1390,2620,56,3
570,self_consistency_cot,1371,1106,2477,56,3
571,self_consistency_cot,1731,1442,3173,57,3
572,self_consistency_cot,1254,987,2241,57,3
573,self_consistency_cot,1272,1234,2506,57,3
574,self_consistency_cot,1293,1157,2450,57,3
575,self_consistency_cot,1356,1374,2730,57,3
576,self_consistency_cot,1506,1173,2679,57,3
577,self_consistency_cot,1371,794,2165,57,3
578,self_consistency_cot,1281,1588,2869,57,3
579,self_consistency_cot,1287,1320,2607,57,3
580,self_consistency_cot,1509,1256,2765,57,3
581,self_consistency_cot,1221,1078,2299,58,3
582,self_consistency_cot,1227,645,1872,58,3
583,self_consistency_cot,1341,1108,2449,58,3
584,self_consistency_cot,1320,1040,2360,58,3
585,self_consistency_cot,1275,2178,3453,58,3
586,self_consistency_cot,1245,1304,2549,58,3
587,self_consistency_cot,1212,1054,2266,58,3
588,self_consistency_cot,1221,1300,2521,58,3
589,self_consistency_cot,1380,1094,2474,58,3
590,self_consistency_cot,1311,1915,3226,58,3
591,self_consistency_cot,1335,1280,2615,59,3
592,self_consistency_cot,1554,927,2481,59,3
593,self_consistency_cot,1236,1279,2515,59,3
594,self_consistency_cot,1365,1320,2685,59,3
595,self_consistency_cot,1419,1037,2456,59,3
596,self_consistency_cot,1221,1425,2646,59,3
597,self_consistency_cot,1746,1751,3497,59,3
598,self_consistency_cot,1458,1187,2645,59,3
599,self_consistency_cot,1278,1149,2427,59,3
600,self_consistency_cot,1254,1746,3000,59,3
601,self_consistency_cot,1674,1464,3138,60,3
602,self_consistency_cot,1308,1010,2318,60,3
603,self_consistency_cot,1551,888,2439,60,3
604,self_consistency_cot,1206,860,2066,60,3
605,self_consistency_cot,1320,1072,2392,60,3
606,self_consistency_cot,1236,823,2059,60,3
607,self_consistency_cot,1374,1200,2574,60,3
608,self_consistency_cot,1527,1031,2558,60,3
609,self_consistency_cot,1245,1142,2387,60,3
610,self_consistency_cot,1251,1326,2577,60,3
611,self_consistency_cot,1263,1342,2605,61,3
612,self_consistency_cot,1200,847,2047,61,3
613,self_consistency_cot,1248,1497,2745,61,3
614,self_consistency_cot,1248,1240,2488,61,3
615,self_consistency_cot,1245,1116,2361,61,3
616,self_consistency_cot,1299,1065,2364,61,3
617,self_consistency_cot,1455,1426,2881,61,3
618,self_consistency_cot,1272,1311,2583,61,3
619,self_consistency_cot,1326,1090,2416,61,3
620,self_consistency_cot,1554,1160,2714,61,3
621,self_consistency_cot,1284,1089,2373,62,3
622,self_consistency_cot,1713,1511,3224,62,3
623,self_consistency_cot,1275,1102,2377,62,3
624,self_consistency_cot,1188,880,2068,62,3
625,self_consistency_cot,1335,1195,2530,62,3
626,self_consistency_cot,1230,677,1907,62,3
627,self_consistency_cot,1476,1549,3025,62,3
628,self_consistency_cot,1767,975,2742,62,3
629,self_consistency_cot,1287,1280,2567,62,3
630,self_consistency_cot,1458,1283,2741,62,3
631,self_consistency_cot,1302,729,2031,63,3
632,self_consistency_cot,1323,1234,2557,63,3
633,self_consistency_cot,1365,1133,2498,63,3
634,self_consistency_cot,1347,879,2226,63,3
635,self_consistency_cot,1326,1289,2615,63,3
636,self_consistency_cot,1260,687,1947,63,3
637,self_consistency_cot,1284,1043,2327,63,3
638,self_consistency_cot,1419,1332,2751,63,3
639,self_consistency_cot,1305,1145,2450,63,3
640,self_consistency_cot,1257,955,2212,63,3
641,self_consistency_cot,1230,1057,2287,64,3
642,self_consistency_cot,1275,1414,2689,64,3
643,self_consistency_cot,1344,901,2245,64,3
644,self_consistency_cot,1272,1319,2591,64,3
645,self_consistency_cot,1365,1302,2667,64,3
646,self_consistency_cot,1296,1002,2298,64,3
647,self_consistency_cot,1242,1190,2432,64,3
648,self_consistency_cot,1341,1152,2493,64,3
649,self_consistency_cot,1350,1507,2857,64,3
650,self_consistency_cot,1377,1376,2753,64,3
651,self_consistency_cot,1266,1139,2405,65,3
652,self_consistency_cot,1293,1314,2607,65,3
653,self_consistency_cot,1278,1173,2451,65,3
654,self_consistency_cot,1221,873,2094,65,3
655,self_consistency_cot,1320,818,2138,65,3
656,self_consistency_cot,1356,1383,2739,65,3
657,self_consistency_cot,1458,1233,2691,65,3
658,self_consistency_cot,1374,1106,2480,65,3
659,self_consistency_cot,1401,1135,2536,65,3
660,self_consistency_cot,1359,1511,2870,65,3
661,self_consistency_cot,1758,1664,3422,66,3
662,self_consistency_cot,1254,1269,2523,66,3
663,self_consistency_cot,1410,1204,2614,66,3
664,self_consistency_cot,1407,715,2122,66,3
665,self_consistency_cot,1362,1355,2717,66,3
666,self_consistency_cot,1281,887,2168,66,3
667,self_consistency_cot,1254,1049,2303,66,3
668,self_consistency_cot,1254,781,2035,66,3
669,self_consistency_cot,1716,1225,2941,66,3
670,self_consistency_cot,1239,982,2221,66,3
671,self_consistency_cot,1572,1185,2757,67,3
672,self_consistency_cot,1404,1678,3082,67,3
673,self_consistency_cot,1248,1135,2383,67,3
674,self_consistency_cot,1266,1021,2287,67,3
675,self_consistency_cot,1314,1336,2650,67,3
676,self_consistency_cot,1266,955,2221,67,3
677,self_consistency_cot,1260,1455,2715,67,3
678,self_consistency_cot,1218,876,2094,67,3
679,self_consistency_cot,1209,1265,2474,67,3
680,self_consistency_cot,1239,925,2164,67,3
681,self_consistency_cot,1386,1015,2401,68,3
682,self_consistency_cot,1272,1397,2669,68,3
683,self_consistency_cot,1392,1804,3196,68,3
684,self_consistency_cot,1503,939,2442,68,3
685,self_consistency_cot,1551,1371,2922,68,3
686,self_consistency_cot,1302,1072,2374,68,3
687,self_consistency_cot,1350,1293,2643,68,3
688,self_consistency_cot,1248,1055,2303,68,3
689,self_consistency_cot,1590,1518,3108,68,3
690,self_consistency_cot,1308,1260,2568,68,3
691,self_consistency_cot,1386,1914,3300,69,3
692,self_consistency_cot,1350,1221,2571,69,3
693,self_consistency_cot,1236,927,2163,69,3
694,self_consistency_cot,1251,2089,3340,69,3
695,self_consistency_cot,1284,1104,2388,69,3
696,self_consistency_cot,1242,1692,2934,69,3
697,self_consistency_cot,1278,1371,2649,69,3
698,self_consistency_cot,1326,1318,2644,69,3
699,self_consistency_cot,1419,992,2411,69,3
700,self_consistency_cot,1308,1522,2830,69,3
701,self_consistency_cot,1350,1146,2496,70,3
702,self_consistency_cot,1725,1420,3145,70,3
703,self_consistency_cot,1245,1340,2585,70,3
704,self_consistency_cot,1269,1058,2327,70,3
705,self_consistency_cot,1251,1578,2829,70,3
706,self_consistency_cot,1407,1529,2936,70,3
707,self_consistency_cot,1548,1575,3123,70,3
708,self_consistency_cot,1197,965,2162,70,3
709,self_consistency_cot,1446,1298,2744,70,3
710,self_consistency_cot,1257,818,2075,70,3
711,self_consistency_cot,1515,1069,2584,71,3
712,self_consistency_cot,1287,1470,2757,71,3
713,self_consistency_cot,1245,970,2215,71,3
714,self_consistency_cot,1560,671,2231,71,3
715,self_consistency_cot,1260,1198,2458,71,3
716,self_consistency_cot,1215,1015,2230,71,3
717,self_consistency_cot,1626,1282,2908,71,3
718,self_consistency_cot,1251,1346,2597,71,3
719,self_consistency_cot,1293,1247,2540,71,3
720,self_consistency_cot,1350,1192,2542,71,3
721,self_consistency_cot,1824,1665,3489,72,3
722,self_consistency_cot,1284,1665,2949,72,3
723,self_consistency_cot,1281,1615,2896,72,3
724,self_consistency_cot,1251,985,2236,72,3
725,self_consistency_cot,1242,1774,3016,72,3
726,self_consistency_cot,1269,1009,2278,72,3
727,self_consistency_cot,1239,898,2137,72,3
728,self_consistency_cot,1281,1178,2459,72,3
729,self_consistency_cot,1272,1750,3022,72,3
730,self_consistency_cot,1245,1842,3087,72,3
731,self_consistency_cot,1290,1286,2576,73,3
732,self_consistency_cot,1224,772,1996,73,3
733,self_consistency_cot,1485,1803,3288,73,3
734,self_consistency_cot,1416,1154,2570,73,3
735,self_consistency_cot,1491,1649,3140,73,3
736,self_consistency_cot,1242,1235,2477,73,3
737,self_consistency_cot,1335,1336,2671,73,3
738,self_consistency_cot,1284,924,2208,73,3
739,self_consistency_cot,1269,1366,2635,73,3
740,self_consistency_cot,1305,1157,2462,73,3
741,self_consistency_cot,1308,962,2270,74,3
742,self_consistency_cot,1248,1578,2826,74,3
743,self_consistency_cot,1245,1423,2668,74,3
744,self_consistency_cot,1245,1037,2282,74,3
745,self_consistency_cot,1353,1365,2718,74,3
746,self_consistency_cot,1311,992,2303,74,3
747,self_consistency_cot,1929,2007,3936,74,3
748,self_consistency_cot,1275,729,2004,74,3
749,self_consistency_cot,1272,1274,2546,74,3
750,self_consistency_cot,1233,1357,2590,74,3
751,self_consistency_cot,1551,1487,3038,75,3
752,self_consistency_cot,1422,1163,2585,75,3
753,self_consistency_cot,1260,1510,2770,75,3
754,self_consistency_cot,1344,1121,2465,75,3
755,self_consistency_cot,1515,1078,2593,75,3
756,self_consistency_cot,1326,1123,2449,75,3
757,self_consistency_cot,1401,1158,2559,75,3
758,self_consistency_cot,1356,1367,2723,75,3
759,self_consistency_cot,1329,1710,3039,75,3
760,self_consistency_cot,1278,1124,2402,75,3
761,self_consistency_cot,1311,907,2218,76,3
762,self_consistency_cot,1320,1333,2653,76,3
763,self_consistency_cot,1401,1130,2531,76,3
764,self_consistency_cot,1323,1047,2370,76,3
765,self_consistency_cot,1284,1036,2320,76,3
766,self_consistency_cot,1374,3072,4446,76,3
767,self_consistency_cot,1365,1399,2764,76,3
768,self_consistency_cot,1377,1014,2391,76,3
769,self_consistency_cot,1251,1089,2340,76,3
770,self_consistency_cot,1368,886,2254,76,3
771,self_consistency_cot,1593,1187,2780,77,3
772,self_consistency_cot,1308,776,2084,77,3
773,self_consistency_cot,1317,905,2222,77,3
774,self_consistency_cot,1380,1619,2999,77,3
775,self_consistency_cot,1239,1071,2310,77,3
776,self_consistency_cot,1686,1229,2915,77,3
777,self_consistency_cot,1362,1170,2532,77,3
778,self_consistency_cot,1290,1200,2490,77,3
779,self_consistency_cot,1353,1071,2424,77,3
780,self_consistency_cot,1344,1374,2718,77,3
781,self_consistency_cot,1515,891,2406,78,3
782,self_consistency_cot,1350,1284,2634,78,3
783,self_consistency_cot,1866,1705,3571,78,3
784,self_consistency_cot,1365,1318,2683,78,3
785,self_consistency_cot,1317,1190,2507,78,3
786,self_consistency_cot,1242,1249,2491,78,3
787,self_consistency_cot,1317,744,2061,78,3
788,self_consistency_cot,1245,1398,2643,78,3
789,self_consistency_cot,1224,1200,2424,78,3
790,self_consistency_cot,1239,1214,2453,78,3
791,self_consistency_cot,1305,990,2295,79,3
792,self_consistency_cot,1200,977,2177,79,3
793,self_consistency_cot,1455,1536,2991,79,3
794,self_consistency_cot,1335,1065,2400,79,3
795,self_consistency_cot,1278,1924,3202,79,3
796,self_consistency_cot,1242,1146,2388,79,3
797,self_consistency_cot,1356,1234,2590,79,3
798,self_consistency_cot,1239,1165,2404,79,3
799,self_consistency_cot,1251,1156,2407,79,3
800,self_consistency_cot,1236,1198,2434,79,3
801,self_consistency_cot,1314,724,2038,80,3
802,self_consistency_cot,1290,1151,2441,80,3
803,self_consistency_cot,1341,1354,2695,80,3
804,self_consistency_cot,1302,1312,2614,80,3
805,self_consistency_cot,1212,1350,2562,80,3
806,self_consistency_cot,1461,1001,2462,80,3
807,self_consistency_cot,1257,1223,2480,80,3
808,self_consistency_cot,1281,1045,2326,80,3
809,self_consistency_cot,1284,1289,2573,80,3
810,self_consistency_cot,1290,916,2206,80,3
811,self_consistency_cot,1245,1195,2440,81,3
812,self_consistency_cot,1224,976,2200,81,3
813,self_consistency_cot,1239,1825,3064,81,3
814,self_consistency_cot,1218,965,2183,81,3
815,self_consistency_cot,1569,1703,3272,81,3
816,self_consistency_cot,1272,1332,2604,81,3
817,self_consistency_cot,1302,2125,3427,81,3
818,self_consistency_cot,1323,1077,2400,81,3
819,self_consistency_cot,1533,1039,2572,81,3
820,self_consistency_cot,1263,637,1900,81,3
821,self_consistency_cot,1275,1498,2773,82,3
822,self_consistency_cot,1590,1168,2758,82,3
823,self_consistency_cot,1437,712,2149,82,3
824,self_consistency_cot,1254,1463,2717,82,3
825,self_consistency_cot,1242,1213,2455,82,3
826,self_consistency_cot,1626,1268,2894,82,3
827,self_consistency_cot,1233,1492,2725,82,3
828,self_consistency_cot,1473,1458,2931,82,3
829,self_consistency_cot,1380,1732,3112,82,3
830,self_consistency_cot,1263,1390,2653,82,3
831,self_consistency_cot,1353,1309,2662,83,3
832,self_consistency_cot,1275,798,2073,83,3
833,self_consistency_cot,1254,820,2074,83,3
834,self_consistency_cot,1941,1276,3217,83,3
835,self_consistency_cot,1233,959,2192,83,3
836,self_consistency_cot,1659,1525,3184,83,3
837,self_consistency_cot,1317,892,2209,83,3
838,self_consistency_cot,1740,1402,3142,83,3
839,self_consistency_cot,1410,1174,2584,83,3
840,self_consistency_cot,1260,664,1924,83,3
841,self_consistency_cot,1371,1265,2636,84,3
842,self_consistency_cot,1434,1959,3393,84,3
843,self_consistency_cot,1509,1218,2727,84,3
844,self_consistency_cot,1512,1302,2814,84,3
845,self_consistency_cot,1437,902,2339,84,3
846,self_consistency_cot,1578,1768,3346,84,3
847,self_consistency_cot,1173,1466,2639,84,3
848,self_consistency_cot,1269,1434,2703,84,3
849,self_consistency_cot,1431,812,2243,84,3
850,self_consistency_cot,1431,1524,2955,84,3
851,self_consistency_cot,1296,1224,2520,85,3
852,self_consistency_cot,1290,1283,2573,85,3
853,self_consistency_cot,1656,1139,2795,85,3
854,self_consistency_cot,1236,1402,2638,85,3
855,self_consistency_cot,1377,1037,2414,85,3
856,self_consistency_cot,1686,1451,3137,85,3
857,self_consistency_cot,1230,906,2136,85,3
858,self_consistency_cot,1209,934,2143,85,3
859,self_consistency_cot,1371,1034,2405,85,3
860,self_consistency_cot,1329,1366,2695,85,3
861,self_consistency_cot,1281,1174,2455,86,3
862,self_consistency_cot,1341,1256,2597,86,3
863,self_consistency_cot,1668,1376,3044,86,3
864,self_consistency_cot,1269,1049,2318,86,3
865,self_consistency_cot,1254,1608,2862,86,3
866,self_consistency_cot,1383,2083,3466,86,3
867,self_consistency_cot,1341,1477,2818,86,3
868,self_consistency_cot,1380,1405,2785,86,3
869,self_consistency_cot,1314,1320,2634,86,3
870,self_consistency_cot,1290,1361,2651,86,3
871,self_consistency_cot,1428,749,2177,87,3
872,self_consistency_cot,1224,1066,2290,87,3
873,self_consistency_cot,1287,909,2196,87,3
874,self_consistency_cot,1380,791,2171,87,3
875,self_consistency_cot,1272,991,2263,87,3
876,self_consistency_cot,1362,984,2346,87,3
877,self_consistency_cot,1227,1189,2416,87,3
878,self_consistency_cot,1251,1180,2431,87,3
879,self_consistency_cot,1302,814,2116,87,3
880,self_consistency_cot,1392,1848,3240,87,3
881,self_consistency_cot,1365,1205,2570,88,3
882,self_consistency_cot,1248,918,2166,88,3
883,self_consistency_cot,1302,1421,2723,88,3
884,self_consistency_cot,1440,1364,2804,88,3
885,self_consistency_cot,1560,617,2177,88,3
886,self_consistency_cot,1245,1058,2303,88,3
887,self_consistency_cot,1254,896,2150,88,3
888,self_consistency_cot,1350,1512,2862,88,3
889,self_consistency_cot,1245,1590,2835,88,3
890,self_consistency_cot,1305,1430,2735,88,3
891,self_consistency_cot,1362,1094,2456,89,3
892,self_consistency_cot,1209,1180,2389,89,3
893,self_consistency_cot,1188,1191,2379,89,3
894,self_consistency_cot,1260,1305,2565,89,3
895,self_consistency_cot,1623,1199,2822,89,3
896,self_consistency_cot,1260,1335,2595,89,3
897,self_consistency_cot,1296,1200,2496,89,3
898,self_consistency_cot,1287,1134,2421,89,3
899,self_consistency_cot,1386,1293,2679,89,3
900,self_consistency_cot,1275,1744,3019,89,3
901,self_consistency_cot,1464,900,2364,90,3
902,self_consistency_cot,1260,1332,2592,90,3
903,self_consistency_cot,1425,1122,2547,90,3
904,self_consistency_cot,1227,1597,2824,90,3
905,self_consistency_cot,1395,947,2342,90,3
906,self_consistency_cot,1269,1256,2525,90,3
907,self_consistency_cot,1347,962,2309,90,3
908,self_consistency_cot,1278,867,2145,90,3
909,self_consistency_cot,1284,1620,2904,90,3
910,self_consistency_cot,1329,1369,2698,90,3
911,self_consistency_cot,1368,1773,3141,91,3
912,self_consistency_cot,1749,1030,2779,91,3
913,self_consistency_cot,1284,936,2220,91,3
914,self_consistency_cot,1368,1069,2437,91,3
915,self_consistency_cot,1281,1605,2886,91,3
916,self_consistency_cot,1503,1405,2908,91,3
917,self_consistency_cot,1347,1065,2412,91,3
918,self_consistency_cot,1602,2125,3727,91,3
919,self_consistency_cot,1230,884,2114,91,3
920,self_consistency_cot,1266,1129,2395,91,3
921,self_consistency_cot,1293,1401,2694,92,3
922,self_consistency_cot,1509,1102,2611,92,3
923,self_consistency_cot,1479,1251,2730,92,3
924,self_consistency_cot,1233,2325,3558,92,3
925,self_consistency_cot,1272,1044,2316,92,3
926,self_consistency_cot,1731,1152,2883,92,3
927,self_consistency_cot,1527,1347,2874,92,3
928,self_consistency_cot,1335,922,2257,92,3
929,self_consistency_cot,1230,1002,2232,92,3
930,self_consistency_cot,1296,864,2160,92,3
931,self_consistency_cot,1263,771,2034,93,3
932,self_consistency_cot,1278,1417,2695,93,3
933,self_consistency_cot,1377,920,2297,93,3
934,self_consistency_cot,1389,1247,2636,93,3
935,self_consistency_cot,1260,945,2205,93,3
936,self_consistency_cot,1320,1442,2762,93,3
937,self_consistency_cot,1281,1545,2826,93,3
938,self_consistency_cot,1911,1842,3753,93,3
939,self_consistency_cot,1233,1504,2737,93,3
940,self_consistency_cot,1881,1097,2978,93,3
941,self_consistency_cot,1287,1023,2310,94,3
942,self_consistency_cot,1293,1091,2384,94,3
943,self_consistency_cot,1260,1990,3250,94,3
944,self_consistency_cot,1236,908,2144,94,3
945,self_consistency_cot,1224,995,2219,94,3
946,self_consistency_cot,1284,1389,2673,94,3
947,self_consistency_cot,1287,1031,2318,94,3
948,self_consistency_cot,1212,1041,2253,94,3
949,self_consistency_cot,1323,1127,2450,94,3
950,self_consistency_cot,2091,1636,3727,94,3
951,self_consistency_cot,1356,1754,3110,95,3
952,self_consistency_cot,1521,1432,2953,95,3
953,self_consistency_cot,1425,1189,2614,95,3
954,self_consistency_cot,1284,1224,2508,95,3
955,self_consistency_cot,1284,1002,2286,95,3
956,self_consistency_cot,1236,1111,2347,95,3
957,self_consistency_cot,1266,1417,2683,95,3
958,self_consistency_cot,1668,1364,3032,95,3
959,self_consistency_cot,1185,1049,2234,95,3
960,self_consistency_cot,1353,965,2318,95,3
961,self_consistency_cot,1656,1295,2951,96,3
962,self_consistency_cot,1359,1046,2405,96,3
963,self_consistency_cot,1392,1054,2446,96,3
964,self_consistency_cot,1299,773,2072,96,3
965,self_consistency_cot,1380,919,2299,96,3
966,self_consistency_cot,1308,1126,2434,96,3
967,self_consistency_cot,1272,1021,2293,96,3
968,self_consistency_cot,1245,1081,2326,96,3
969,self_consistency_cot,1410,1312,2722,96,3
970,self_consistency_cot,1233,1079,2312,96,3
971,self_consistency_cot,1737,947,2684,97,3
972,self_consistency_cot,1254,1029,2283,97,3
973,self_consistency_cot,1230,1032,2262,97,3
974,self_consistency_cot,1566,1407,2973,97,3
